Url,id_txt,id_cov,date_open,date_close,amount_min,amount_max,contribution_type,description,region,Keyword,ODS
https://www.state.gov/fy-2023-notice-of-funding-opportunity-for-resettlement-support-center-rsc-middle-east-and-north-africa-mena-and-rsc-turkey-and-middle-east-tume/,0.txt,SFOP0008932,"Monday, May 2, 2022","Friday, July 8, 2022 at 11",,,Cooperative Agreement,FY 2023 Notice of Funding Opportunity for Resettlement Support Center (RSC) Middle East and North Africa (MENA) and RSC Turkey and Middle East (TuME) - United States Department of State,"Turkey, Middle East, North Africa",rsc,17
https://www.state.gov/fy-2023-notice-of-funding-opportunity-for-reception-and-placement-program/,1.txt,SFOP0008875,"Thursday, April 14, 2022","Monday, June 13, 2022 at 11",,,Cooperative Agreement,FY 2021,,Representative decision-making,16
https://www.state.gov/fy-2022-notice-of-funding-opportunity-for-ngo-programs-benefiting-refugees-and-vulnerable-populations-in-mali-mauritania-and-niger/,2.txt,SFOP0008700,"Monday, March 14, 2022","Tuesday, April 12, 2022 at 11","$400,000","$700,0001,000,00019",,"FY 2022 Notice of Funding Opportunity for NGO Programs Benefiting Refugees and Vulnerable Populations in Mali, Mauritania, and Niger - United States Department of State","Mali, Mauritania, Niger",education,4
https://www.state.gov/fy-2022-notice-of-funding-opportunity-for-ngo-programs-benefiting-refugees-and-asylum-seekers-in-thailand-malaysia-indonesia-bangladesh-nepal-and-india/,3.txt,SFOP0008680,"Friday, March 4, 2022","Friday, April 8, 2022 at 11","$300,000","$670,000",Cooperative Agreement,"FY 2022 Notice of Funding Opportunity for NGO Programs Benefiting Refugees and Asylum Seekers in Thailand, Malaysia, Indonesia, Bangladesh, Nepal, and India - United States Department of State","Bangladesh, India, Indonesia, Malaysia, Nepal, Thailand",education,10
https://www.state.gov/fy-2022-notice-of-funding-opportunity-for-ngo-projects-benefiting-refugees-and-other-vulnerable-populations-in-egypt/,4.txt,,,,,,,FY 2022 Notice of Funding Opportunity for NGO Projects Benefiting Refugees and Other Vulnerable Populations in Egypt - United States Department of State,Egypt,responsible institutions,16
https://www.state.gov/fy-2022-notice-of-funding-opportunity-for-ngo-programs-benefiting-south-sudan/,5.txt,,,,,,,FY 2022 Notice of Funding Opportunity for NGO Programs Benefiting South Sudan - United States Department of State,"South Sudan, Sudan",stress control,3
https://www.state.gov/fy-2022-notice-of-funding-opportunity-for-ngo-programs-in-tanzania-and-uganda/,6.txt,,,,,,,FY 2022 Notice of Funding Opportunity for NGO programs in Tanzania and Uganda - United States Department of State,"Tanzania, Uganda",stress control,3
https://www.state.gov/fy-2022-request-for-concept-notes-benefiting-afghan-refugees-in-pakistan/,7.txt,SFOP0008568,"Monday, January 31, 2022","Tuesday, March 1, 2022, at 11","$500,000","$1,250,000","Concept notes should cover a project that will only provide service in Pakistan.  PRM’s mandate is to provide protection, assistance, and sustainable solutions for refugees and victims of conflict; therefore, PRM will prioritize funding projects that include at least 50 percent of Proof of Registration (POR) cardholding refugees.  Projects may also include undocumented Afghans and Afghans of other status given appropriate coordination with UNHCR.  PRM encourages coordination with UNHCR to ensure projects complement the Afghanistan Situation Regional Refugee Response Plan.",FY 2022 Request for Concept Notes Benefiting Afghan Refugees in Pakistan - United States Department of State,Pakistan,stress control,3
https://www.state.gov/fy-2023-request-for-concept-notes-for-operational-partners-on-the-private-sponsorship-of-refugees-pilot-program/,8.txt,SFOP0008945,"Wednesday, May 4, 2022","Monday, June 20, 2022 at 11","$500,000","$5,000,000","Concept notes from NGOs must propose activities that will support the establishment of at least one or more of the following seven core components of the PSR pilot program’s operational infrastructure outlined below. While concept notes are not required to cover more than one component, PRM will prioritize concept notes that cover multiple components in order to facilitate the development of cohesive and effective private sponsorship infrastructure that covers core functions and can scale at a national level over time.",FY 2023 Request for Concept Notes for Operational Partners on the Private Sponsorship of Refugees Pilot Program  - United States Department of State,,concept notes,17
https://www.state.gov/fy-2022-notice-of-funding-opportunity-for-ngo-programs-in-chad-and-southeast-nigeria/,9.txt,SFOP0008687,"Thursday, March 3, 2022","Monday, April 4, 2022, at 11","$1,500,000","$2,500,000",Cooperative Agreement,FY 2022 Notice of Funding Opportunity for NGO programs in Chad and Southeast Nigeria - United States Department of State,"Chad, Niger, Nigeria",responsible institutions,16
https://www.state.gov/fy-2022-notice-of-funding-opportunity-for-ngo-programs-benefiting-ethiopia-and-kenya/,10.txt,SFOP0008577,"Friday, February 4, 2022","Monday, April 4, 2022 at 11","$800,000","$3,000,000",Cooperative Agreement,FY 2022 Notice of Funding Opportunity for NGO Programs Benefiting Ethiopia and Kenya - United States Department of State,"Ethiopia, Kenya",responsible institutions,16
https://www.state.gov/fy-2022-notice-of-funding-opportunity-for-south-africa/,11.txt,SFOP0008588,"Monday, February 7, 2022","Friday, March 25, 2022 at 11","$250,000","$600,000",Cooperative Agreement,FY 2022 Notice of Funding Opportunity for South Africa - United States Department of State,South Africa,responsible institutions,16
https://www.state.gov/fy-2022-notice-of-funding-opportunity-for-ngo-programs-benefiting-vulnerable-prm-populations-of-concern-in-colombia-ecuador-peru-and-venezuela/,12.txt,SFOP0008576,"Friday, February 4, 2022","Tuesday, March 8, 2022 at 11","$2,000,000","$5,000,000",Cooperative Agreement,"FY 2022 Notice of Funding Opportunity for NGO programs benefiting vulnerable PRM populations of concern in Colombia, Ecuador, Peru, and Venezuela - United States Department of State","Colombia, Ecuador, Peru, Venezuela",responsible institutions,16
https://www.state.gov/fy-2022-notice-of-funding-opportunity-for-technical-support-to-central-american-minors-cam-program-petitioners/,13.txt,SFOP0008526,"Wednesday, January 12, 2022","Friday, February 11, 2022 at 11","$100,000","$1,000,000",Cooperative Agreement,FY 2022 Notice of Funding Opportunity for Technical Support to Central American Minors (CAM) Program Petitioners - United States Department of State,,responsible institutions,16
https://www.state.gov/fy-2022-request-for-concept-notes-for-humanitarian-research,14.txt,SFOP0008436,"Monday, November 20, 2021","Thursday, January 20, 2022, at 11","$150,000","$300,000",Concept notes must respond to the following research question,FY 2022 Request for Concept Notes for Humanitarian Research - United States Department of State,,responsible institutions,16
https://www.state.gov/fy-2022-notice-of-funding-opportunity-for-ngo-programs-to-refer-eligible-refugees-to-the-u-s-refugee-admissions-program,15.txt,SFOP0008478,"Thursday, December 16, 2021","Friday, January 28, 2022 at 11","$1,15",,Concept notes must address the following question,FY 2022 Request for Concept Notes for NGO Programs to Refer Eligible Refugees to the U.S. Refugee Admissions Program - United States Department of State,,responsible institutions,16
https://www.state.gov/fy-2022-request-for-concept-notes-for-ngo-programs-benefiting-displaced-persons-and-refugees-in-iraq-jordan-lebanon-and-turkey/,16.txt,SFOP0008443,"Thursday, November 18, 2021","Friday, January 7, 2022, at 11","$2,000,000","$4,000,000","Concept notes and later proposals that describe the sources and amounts of additional funding that may be utilized to complement PRM funding, and meet the following criteria, will be considered","FY 2022 Request for Concept Notes for NGO Programs Benefiting Displaced Persons and Refugees in Iraq, Jordan, Lebanon, and Turkey - United States Department of State","Iraq, Jordan, Lebanon, Turkey",concept notes,17
https://www.state.gov/fy-2022-notice-of-funding-opportunity-for-resettlement-support-center-rsc-africa-rsc-asia-rsc-eurasia-and-rsc-latin-america/,17.txt,,,,,,,FY 2022 Notice of Funding Opportunity for Resettlement Support Center (RSC) Africa; RSC Asia; RSC Eurasia; and RSC Latin America - United States Department of State,,concept notes,17
https://www.state.gov/fy-2021-request-for-concept-notes-for-ngo-programs-preventing-preparing-for-and-responding-to-covid-19/,18.txt,SFOP000806,"Thursday, April 22, 2021","Thursday, May 14, 2021 at 11","$500,000,","$5,000,000","Concept notes for projects in Mexico, Costa Rica, Guatemala, and Panama should primarily support asylum seekers, refugees, and vulnerable migrants in those countries. PRM will consider funding only those programs that include a target beneficiary base of over 50 percent non-host country populations.","FY 2021 Request for Concept Notes for NGO Programs Preventing, Preparing for, and Responding to COVID-19 - United States Department of State",,rsc,17
https://www.state.gov/fy-2022-notice-of-funding-opportunity-for-reception-and-placement-program/,19.txt,SFOP0008037,"Monday, April 19, 2021","Friday, July 2, 2021 at 11",,,Cooperative Agreement,FY 2022 Notice of Funding Opportunity for Reception and Placement Program - United States Department of State,,responsible institutions,16
https://2017-2021.state.gov/funding-opportunities/funding-opportunity-announcements/fy-2017-notice-of-funding-opportunity-for-ngo-programs-benefitting-refugees-and-internally-displaced-persons-from-colombia/index.html,20.txt,SFOP,"Friday, March 3, 2017","Friday, April 7, 2017 at 12","$500,000,3,000,000","$3,000,000",,FY 2017 Notice of Funding Opportunity for NGO Programs Benefitting Refugees and Internally Displaced Persons From Colombia - United States Department of State,Colombia,Representative decision-making,16
https://2017-2021.state.gov/funding-opportunities/funding-opportunity-announcements/fy-2017-notice-of-funding-opportunity-for-global-innovation-programs-to-address-gender-based-violence-gbv-in-conflict-affected-humanitarian-emergencies/index.html,21.txt,SFOP0001568,"Friday, March, 17, 2017","Thursday, May 18, 2017 at 12","$800,000",,,FY 2017 Notice of Funding Opportunity for Global Innovation Programs to Address Gender-based Violence (GBV) in Conflict-Affected Humanitarian Emergencies - United States Department of State,,responsible institutions,16
https://2017-2021.state.gov/funding-opportunities/funding-opportunity-announcements/fy-2018-notice-of-funding-opportunity-for-ngo-programs-benefiting-asylum-seekers-and-vulnerable-migrants-from-venezuela/index.html,22.txt,SFOP0004231,"Wednesday, March 14, 2018","Monday, April 16, 2018 at 12",,,Cooperative Agreement,FY 2018 Notice of Funding Opportunity for NGO Programs Benefiting Asylum Seekers and Vulnerable Migrants From Venezuela - United States Department of State,Venezuela,responsible institutions,16
https://www.state.gov/drl-transitional-justice-and-forensic-anthropology-in-colombia/,23.txt,SFOP0009007,"May 25, 2022","59 PM EST on Monday, July 25, 2022","$1,283,590","$1,283,590",Open Competition,DRL Transitional Justice and Forensic Anthropology in Colombia - United States Department of State,Colombia,responsible institutions,16
https://www.state.gov/notice-of-funding-opportunity-nofo-drl-fy21-latin-america-and-the-caribbean-labor-consortium/,24.txt,SFOP0008881,"April 19, 2022","59 PM EST on Tuesday, May 31, 2022","$850,000","$850,000",Open Competition,"DRL will award one cooperative agreement to a consortium of implementing partners to expand space for freedom of association and promote internationally recognized labor rights in Latin America and the Caribbean.  The consortium will strengthen workers’ ability to pursue evidence-based strategic advocacy for decent rights at work and claim their legal rights and protections in line with international standards.  The proposal should focus primarily on the consortium design, management structure and programmatic approach as well as the role and unique capability of each the proposed consortium partners.  Detailed country-specific workplans will be developed in coordination with DRL.",,responsible institutions,16
https://2017-2021.state.gov/fy-2020-nofo-refugees-west-africa/index.html,25.txt,SFOP0006817,"Thursday, April 16, 2020","Â  Monday, May 18, 2020 at 11","$400,000","$1,000,000",Â Â Cooperative Agreement,"FY 2020 Notice of Funding Opportunity for NGO Programs Benefiting Refugees and Vulnerable Populations in Burkina Faso, Mauritania, Niger, and Senegal - United States Department of State","Burkina Faso, Mauritania, Niger, Senegal",responsible institutions,16
https://www.state.gov/statements-of-interest-requests-for-proposals-and-notices-of-funding-opportunity/drl-fy2020-countering-religious-intolerance-in-indonesia/,26.txt,SFOP0007469,,"Monday, February 8, 2021","$1,000,000","$1,000,000",Open Solicitation,DRL FY2020: Countering Religious Intolerance in Indonesia - United States Department of State,Indonesia,responsible institutions,16
https://www.state.gov/statements-of-interest-requests-for-proposals-and-notices-of-funding-opportunity/drl-combating-corruption-in-the-northern-triangle/,27.txt,SFOP0007841,"April 13, 2021","59 PM EST on May 28, 2021","$740,740","$740,740",Open Competition,DRL Combating Corruption in the Northern Triangle - United States Department of State,,Development planning,11
https://www.state.gov/statements-of-interest-requests-for-proposals-and-notices-of-funding-opportunity/drl-fy2020-guaranteeing-constitutional-rights-in-tunisia/,28.txt,SFOP0007439,"November 23, 2020","59 PM EST on Monday, January 25, 2021","$600,000","$1,250,000",Open Competition,DRL FY2020: Guaranteeing Constitutional Rights in Tunisia - United States Department of State,Tunisia,International support,17
https://www.state.gov/statements-of-interest-requests-for-proposals-and-notices-of-funding-opportunity/drl-promoting-and-protecting-media-freedom-in-bangladesh/,29.txt,SFOP0007480,"December 14, 2020","59 PM EST on Thursday, January 28, 2020","$700,000","$750,000",Open Competition,DRL Promoting and Protecting Media Freedom in Bangladesh - United States Department of State,Bangladesh,Qualified teachers,4
https://www.state.gov/statements-of-interest-requests-for-proposals-and-notices-of-funding-opportunity/drl-promoting-and-protecting-womens-rights-in-marriage-free-and-fair-elections-rule-of-law-and-marginalized-communities/,30.txt,SFOP0007563,,"59 PM EST on Friday, March 26, 2021","$750,000","$2,000,000",,DRL Promoting and Protecting: Women’s Rights in Marriage; Free and Fair Elections; Rule of Law; and Marginalized Communities - United States Department of State,,Representative decision-making,16
https://www.state.gov/statements-of-interest-requests-for-proposals-and-notices-of-funding-opportunity/drl-promoting-and-advancing-international-labor-rights-in-bangladesh/,31.txt,SFOP0007518,"December 30, 2020","59 PM EST on Tuesday, March 2, 2021","$700,000","$750,000",Open Competition,DRL Promoting and Advancing International Labor Rights in Bangladesh - United States Department of State,Bangladesh,responsible institutions,16
https://www.state.gov/statements-of-interest-requests-for-proposals-and-notices-of-funding-opportunity/drl-strengthening-civil-society-in-sri-lanka/,32.txt,SFOP0007511,"December 18, 2020","59 PM EST on Tuesday, February 16, 2021","$1,750,000","$2,000,000",Open,DRL Strengthening Civil Society in Sri Lanka - United States Department of State,Sri Lanka,Information and communication technology,9
https://www.state.gov/drl-children-and-armed-conflict-in-car-drc-south-sudan-and-or-yemen/,33.txt,SFOP0009020,"June 3, 2022","59 PM EST on Friday, July 29, 2022","$500,000","$1,500,000",Open Competition,"DRL Children and Armed Conflict in CAR, DRC, South Sudan, and/or Yemen - United States Department of State","South Sudan, Sudan, Yemen",Information and communication technology,9
https://www.state.gov/drl-countering-labor-violence-in-northern-central-america/,34.txt,SFOP0008915,"May 25, 2022","59 PM EST on Friday, July 8, 2022","$1,500,000","$1,500,000",Open Competition,DRL Countering Labor Violence in Northern Central America - United States Department of State,,responsible institutions,16
https://www.state.gov/drl-notice-of-funding-opportunity-nofo-drl-addressing-transnational-repression-in-the-mekong-region/,35.txt,SFOP0008939,"May 4, 2022","59 PM EST on Friday, June 17th, 2022","$486,110","$486,110",Open,DRL Notice of Funding Opportunity (NOFO): DRL: Addressing Transnational Repression in the Mekong region - United States Department of State,,responsible institutions,16
https://www.state.gov/drl-and-inl-fy21-corruption-accountability-reporting-and-advocacy-program/,36.txt,SFOP0008934,"May 2, 2022","59 PM (EST) on Thursday, June 16, 2022","$987,654","$987,654",Open,DRL and INL FY21 Corruption Accountability Reporting and Advocacy Program - United States Department of State,,Accountable institutions,16
https://www.state.gov/drl-fy21-irf-promoting-interfaith-respect-and-social-inclusion-in-bulgaria-and-romania/,37.txt,SFOP0008788,"April 28, 2022","59 PM EST on 27, June, 2022","$987,654","$987,654",Open Competition,DRL FY21 IRF Promoting Interfaith Respect and Social Inclusion in Bulgaria and Romania - United States Department of State,"Bulgaria, Romania",responsible institutions,16
https://www.state.gov/drl-notice-of-funding-opportunity-nofo-advancing-human-rights-and-fundamental-freedoms-in-the-democratic-peoples-republic-of-korea-dprk-or-north-korea/,38.txt,SFOP0008904,"April 20, 2022","59 PM EST on June 20th, 2022","$50,000","$3,000,000",Open Competition,DRL Notice of Funding Opportunity (NOFO): Advancing Human Rights and Fundamental Freedoms in the Democratic People’s Republic of Korea (DPRK or North Korea) - United States Department of State,North Korea,Development planning,11
https://www.state.gov/drl-notice-of-funding-opportunity-nofo-drl-supporting-sustainable-inclusivity-within-burmas-pro-democracy-movement/,39.txt,SFOP0008864,"April 14, 2022","59 PM EST on Monday, June 13th, 2022","$750,000","$1,876,543",Open Competition,DRL Notice of Funding Opportunity (NOFO): DRL Supporting Sustainable Inclusivity within Burma’s Pro-Democracy Movement - United States Department of State,,Human rights,5
https://www.state.gov/request-for-statements-of-interest-drl-promoting-democracy-and-human-rights-in-cuba/,40.txt,SFOP0008803,"March 31, 2022",,,,,"DRL’s programmatic emphasis advances the U.S. government policy to promote human rights in the Western Hemisphere as stated in the March 2021 Interim National Security Strategic Guidance.  Specifically, DRL programs in Cuba aim to strengthen the capabilities of on-island, independent civil society to advance the human rights and fundamental freedoms of all individuals in Cuba, and to overcome the limitations imposed by the Cuban government on the exercise of these civil, political, labor, and religious rights.  DRL strives to ensure its projects also advance principles of non-discrimination with respect to race, religion, gender, disability, sexual orientation, gender identity, and other individual characteristics.",Cuba,human rights,8
https://www.state.gov/request-for-statements-of-interest-drl-reconnecting-cuban-exiles-with-cuban-civil-society/,41.txt,SFOP0008804,"March 30, 2022",,,,,"DRL expects this approach to include a formative evaluation that assesses the progress of the piloted networking activities during the period of performance. This evaluation will be designed in collaboration with DRL upon award, but should be assumed to include regular qualitative data collection, analysis, and adaptation based on feedback from program stakeholders.",Cuba,human rights,16
https://www.state.gov/notice-of-funding-opportunity-nofo-drl-hungary-youth-engagement-in-the-media/,42.txt,SFOP0008798,"March 29, 2022",,"$740,740","$740,740",Open competition,"DRL’s goal is that youth (age 15-25) become meaningful contributors to, as well as more discerning consumers of, media.  Program objectives are to (1) ensure that youth citizen journalists/content creators develop more professional and ethical journalistic practices and (2) increase their ability to identify and analyze fact-based, high-quality news and information.  Desired outcomes of this program include: (1) youth citizen journalists/content creators expand their contributions to the free flow of information while practicing ethical journalism, and launch initiatives to address disinformation; and (2) civil society organizations (CSOs) provide platforms for youth to both amplify their work while highlighting relevant issues for young people and identify sources of high-quality news and information.  Activities could include, but are not limited to, training youth in citizen journalism skills and ethical online content creation; strengthening the capacity of CSOs to work with youth citizen journalists and highlight key issues in the country from a youth perspective; and developing media initiatives such as fact-checking websites, youth debates, or infotainment/news programs that debunk false narratives and/or create fact-based media content to address disinformation.  Proposals should demonstrate the ability to coordinate closely with other actors and programs in the country and ensure that activities do not duplicate existing efforts.",Hungary,human rights,5
https://www.state.gov/drl-wha-program-learning-series/,43.txt,SFOP0008543,"March 24, 2022","59 PM EST on Monday, May 23, 2022","$250,000","$250,000",Open Competition,DRL WHA Program Learning Series - United States Department of State,,Development assistance,10
https://www.state.gov/drl-burma-conflict-related-sexual-violence-crsv-documentation-project/,44.txt,SFOP0008760,"March 23, 2022","59 PM EST on Wednesday, May 25, 2022","$3,750,000","$3,750,000",Open Competition,DRL Burma Conflict-Related Sexual Violence (CRSV) Documentation Project - United States Department of State,,Development assistance,17
https://www.state.gov/notice-of-funding-opportunity-nofo-drl-strengthening-regional-media-in-europe-and-eurasia/,45.txt,SFOP0008756,"March 23, 2022",,"$3,496,295","$3,496,295",Open competition,"DRL’s goal is to champion a strong independent media sector in the region that is resistant to powerful interests seeking to manipulate, isolate, or control the press.  In support of this goal, DRL seeks proposals that enable media actors to: 1) network within their countries and across the region, where appropriate; 2) improve cross-border content production and contextualizing of national stories into regional perspectives and better connect media and audiences across target countries; and 3) produce and disseminate high-quality and credible content across platforms that address issues of importance in their local communities and counter disinformation.  Proposals may also include activities that support the development of new and/or improved online and mobile platforms that offer multimedia features enabling greater interactivity and connectivity with audiences locally and across countries.  Networks may encourage participating outlets to exchange best practices regarding effective media management, increasing viewership, and improving content to meet viewers’ needs.  Program outcomes should result in outlets becoming trusted sources of information, establishing strong links to the communities they serve, enhancing their market share in the marketplace of ideas, and enhancing cross-border cooperation and high-quality content sharing among independent media in the region.",,Basic education,4
https://www.state.gov/notice-of-funding-opportunity-nofo-drl-promoting-roma-inclusion-in-central-europe/,46.txt,SFOP0008746,"March 18, 2022",,"$987,650","$987,650",Open competition,"DRL’s goal is to increase civic and political participation of Roma, as well as other ethnic minorities, in Central Europe.  DRL requests proposals that seek to increase the capacity of Roma and other ethnic minority leaders to advocate for and effectuate their inclusion and to increase their representation in political parties.  Activities could include: training Roma and other minority civic leaders and civil society organizations (CSOs) to effectively engage in political advocacy, and to participate in decision-making and political processes; providing opportunities for participants to network with other minority leaders both within their own countries and through regional civil society networks; and targeting training for civic leaders and CSOs on advocacy skills, political engagement, legal rights and enforcement, organizational management, community organizing, and communication skills. Countries that are eligible for participation include Bulgaria, Czech Republic, Hungary, Romania, and Slovakia.  Proposals must include a minimum of three countries. ",,Qualified teachers,4
https://www.state.gov/notice-of-funding-opportunity-nofo-drl-strengthening-worker-rights-in-indonesias-mining-industries/,47.txt,SFOP0008708,"March 18, 2022","59 PM EST on Tuesday, May 17, 2022","$1,000,000","$1,000,000",Open Competition,"DRL requests proposals for a $1,000,000 project to strengthen internationally recognized labor rights for workers in Indonesia’s mining industries by increasing workers’ knowledge of their rights to safety and health at work and their ability to organize to advance those rights.  Projects must identify two or more specific mining sectors of focus and include minerals for which significant growth in demand and production is anticipated.",Indonesia,responsible institutions,16
https://www.state.gov/drl-notice-of-funding-opportunity-nofo-laying-the-groundwork-for-peace-in-ethiopia/,48.txt,SFOP0008682,"March 7, 2022","59 PM EST on Monday, May 9, 2022","$2,200,000","$2,200,000",Open Competition,DRL Notice of Funding Opportunity (NOFO): Laying the Groundwork for Peace in Ethiopia - United States Department of State,Ethiopia,World Trade Organization,17
https://www.state.gov/drl-notice-of-funding-opportunity-nofo-combatting-online-gender-based-violence-in-the-east-asia-and-pacific-region/,49.txt,SFOP0008668,"March 1, 2022","Friday, April 29th, 2022","$740,740","$740,740",Open,DRL Notice of Funding Opportunity (NOFO): Combatting Online Gender-Based Violence in the East Asia and Pacific Region - United States Department of State,,responsible institutions,16
https://www.state.gov/drl-notice-of-funding-opportunity-nofo-strengthening-respect-for-freedom-of-expression-in-malaysia/,50.txt,SFOP0008661,"February 28, 2022","59 PM EST on Friday, April 29th, 2022","$740,740","$740,740",Open Competition,DRL Notice of Funding Opportunity (NOFO): Strengthening Respect for Freedom of Expression in Malaysia - United States Department of State,Malaysia,responsible institutions,16
https://www.state.gov/statements-of-interest-requests-for-proposals-and-notices-of-funding-opportunity/drl-strengthening-inclusivity-in-kuwait/,51.txt,SFOP0007485,,"59 PM EST on Friday, February 26, 2021","$500,000","$1,000,000",Open Competition,DRL Strengthening Inclusivity in Kuwait - United States Department of State,Kuwait,Sustainable AND communities,11
https://www.state.gov/statements-of-interest-requests-for-proposals-and-notices-of-funding-opportunity/drl-fy2020-supporting-human-rights-defenders-in-libya/,52.txt,SFOP0007466,"December 7, 2020","59 PM EST on Friday, February 5, 2021","$750,000","$1,500,000",Open Competition,DRL FY2020: Supporting Human Rights Defenders in Libya - United States Department of State,Libya,responsible institutions,16
https://www.state.gov/statements-of-interest-requests-for-proposals-and-notices-of-funding-opportunity/drl-fy2020-promoting-the-rights-and-reintegration-of-young-moroccans-during-and-after-detention/,53.txt,SFOP0007443,"December 1, 2020","59 PM EST on Friday, January 29, 2021","$750,000","$750,000",Open Competition,DRL FY2020: Promoting the Rights and Reintegration of Young Moroccans During and After Detention - United States Department of State,,Accountable institutions,16
https://www.state.gov/statements-of-interest-requests-for-proposals-and-notices-of-funding-opportunity/drl-fy2020-the-global-equality-fund//,54.txt,SFOP0007451,"December 4, 2020","59 PM EST on Friday, February 5, 2021","$750,000","$1,000,000",Open Solicitation,DRL FY2020: The Global Equality Fund - United States Department of State,,Empower AND women,5
https://www.state.gov/statements-of-interest-requests-for-proposals-and-notices-of-funding-opportunity/drl-fy2020-global-equality-fund-programs-in-east-asia/,55.txt,SFOP0007516,"December 30, 2020","59 PM ET on Friday, February 26, 2021","$750,000","$1,000,000",Open Solicitation,DRL FY2020: Global Equality Fund Programs in East Asia - United States Department of State,,responsible institutions,16
https://www.state.gov/drl-fy2021-global-equality-fund-lgbtqi-programs-in-west-africa-central-africa-the-middle-east-and-north-africa-south-and-central-asia-and-east-asia/,56.txt,SFOP0008500,"December 27, 2021",,"$750,000","$1,000,000",Open Solicitation,"DRL FY2021: Global Equality Fund LGBTQI+ Programs in West Africa, Central Africa, the Middle East and North Africa, South and Central Asia, and East Asia - United States Department of State","Middle East, North Africa",Qualified teachers,4
https://www.state.gov/drl-fy21-irf-advocacy-to-preserve-religious-and-cultural-heritage-in-the-trans-sahel-region/,57.txt,SFOP0008467,"December 22, 2021","59 PM EST on 21, February, 2022","$740,740","$740,740",Open Competition,DRL FY21 IRF: Advocacy to Preserve Religious and Cultural Heritage in the Trans-Sahel Region - United States Department of State,,Human rights,5
https://www.state.gov/drl-strengthening-rights-of-gig-workers-in-colombia-and-brazil/,58.txt,SFOP0008656,"February 24, 2022","59 PM EST on Wednesday, April 27, 2022","$1,000,000","$1,000,000",Open Competition,DRL Strengthening Rights of Gig Workers in Colombia and Brazil - United States Department of State,"Brazil, Colombia",human rights,8
https://www.state.gov/drl-supporting-a-credible-local-election-environment-in-angola/,59.txt,SFOP0008652,"February 24, 2022","59 PM EST on Monday, April 25, 2022","$2,500,000","$2,500,000",Open Competition,DRL Supporting a Credible Local Election Environment in Angola - United States Department of State,Angola,human rights,16
https://www.state.gov/drl-supporting-environmental-defenders-in-latin-america/,60.txt,SFOP0008542,"February 24, 2022","59 PM EST on April 23, 2022","$2,000,000","$2,000,000",Open Competition,DRL Supporting Environmental Defenders in Latin America - United States Department of State,,human rights,5
https://www.state.gov/drl-notice-of-funding-opportunity-nofo-bolstering-democratic-governance-and-respect-for-human-rights-in-indonesia/,61.txt,SFOP0008649,"February 23, 2022","59 PM EST on Thursday, April 14, 2022","$740,000","$1,481,481",Open Competition,DRL Notice of Funding Opportunity (NOFO): Bolstering Democratic Governance and Respect for Human Rights in Indonesia - United States Department of State,Indonesia,Accountable institutions,16
https://www.state.gov/drl-strengthen-independent-media-and-or-credible-transitional-justice-efforts-in-yemen/,62.txt,SFOP0008633,"February 17, 2022","59 PM EST on April 18, 2022","$750,000","$2,000,000",Open Competition,DRL Strengthen Independent Media and/or Credible Transitional Justice Efforts in Yemen - United States Department of State,Yemen,responsible institutions,16
https://www.state.gov/drl-promoting-justice-sector-independence-in-latin-america-and-the-caribbean/,63.txt,SFOP0008625,"February 16, 2022","59 PM EST on Monday, 18 April 2022","$740,740","$740,740",Open Competition,DRL Promoting Justice Sector Independence in Latin America and the Caribbean - United States Department of State,,responsible institutions,16
https://www.state.gov/drl-strengthening-human-rights-and-accountability-in-israel-and-the-west-bank-and-gaza/,64.txt,SFOP0008613,"February 11, 2022",,"$493,827","$987,654",Open Competition,DRL Strengthening Human Rights and Accountability in Israel and the West Bank and Gaza - United States Department of State,Israel,responsible institutions,16
https://www.state.gov/drl-fy21-increasing-the-agency-of-women-with-disabilities-in-west-africa/,65.txt,SFOP0008602,"February 10, 2022",,,"$1,000,000",Open Competition,DRL FY21 Increasing the Agency of Women with Disabilities in West Africa - United States Department of State,,Representative decision-making,16
https://www.state.gov/drl-youth-empowered-to-protect-human-rights-and-fundamental-freedoms-in-sri-lanka/,66.txt,SFOP0008593,"February 10, 2022","59 PM EST on Tuesday, April 12, 2022","$1,000,000","$1,000,000",Open Competition,DRL Youth Empowered to Protect Human Rights and Fundamental Freedoms in Sri Lanka - United States Department of State,Sri Lanka,responsible institutions,16
https://www.state.gov/drl-program-to-promote-youth-engagement-in-democratic-processes-and-the-protection-of-human-rights-in-bangladesh-and-nepal/,67.txt,SFOP0008594,"February 10, 2022","59 PM EST on Tuesday, April 12, 2022","$1,000,000","$1,000,000",Open Competition,DRL Program to Promote Youth Engagement in Democratic Processes and the Protection of Human Rights in Bangladesh and Nepal - United States Department of State,"Bangladesh, Nepal",Accountable institutions,16
https://www.state.gov/fy-2023-request-for-concept-notes-on-capacity-development-and-strengthening-of-domestic-refugee-resettlement/,68.txt,SFOP0009049,"Wednesday, June 8, 2022","Monday, July 11, 2022, at 11","$50,000","$1,000,000","Concept notes should propose technical assistance or other specialized projects that can be made available as centralized resources to support organizations participating in refugee resettlement in the United States. Proposed projects must address one of the four specified capacity building areas outlined below and must identify specific objectives, strategies, and outcomes/results for the proposed project activities.",FY 2023 Request for Concept Notes on Capacity Development and Strengthening of Domestic Refugee Resettlement - United States Department of State,,World Trade Organization,17
https://www.state.gov/fy-2021-notice-of-funding-opportunity-for-ngo-programs-benefiting-refugees-and-asylum-seekers-in-indonesia-malaysia-and-thailand/,69.txt,SFOP0007899,"Friday, March 26, 2021","Wednesday, April 28, 2021 at 11",,"$500,000",Cooperative Agreement,"FY 2021 Notice of Funding Opportunity for NGO programs benefiting refugees and asylum seekers in Indonesia, Malaysia, and Thailand - United States Department of State","Indonesia, Malaysia, Thailand",responsible institutions,16
https://www.state.gov/fy-2021-notice-of-funding-opportunity-for-ngo-projects-benefiting-refugees-and-other-vulnerable-populations-in-egypt/,70.txt,SFOP0007724,"Monday, March 1, 2021","Friday, April 16, 2021 at 11","$800,000","$1,250,000",Cooperative Agreement,FY 2021 Notice of Funding Opportunity for NGO Projects benefiting refugees and other vulnerable populations in Egypt - United States Department of State,Egypt,Accountable institutions,16
https://www.state.gov/fy-2021-notice-of-funding-opportunity-for-ngo-programs-benefiting-afghan-refugees-in-pakistan/,71.txt,SFOP0007765,"Tuesday, March 9, 2021","Friday, April 9, 2021 at 11",,"$1,250,000",Cooperative Agreement,FY 2021 Notice of Funding Opportunity for NGO programs benefiting Afghan Refugees in Pakistan - United States Department of State,Pakistan,World Trade Organization,17
https://www.state.gov/fy-2021-notice-of-funding-opportunity-for-global-innovation-programs-to-address-gender-based-violence-in-conflict-affected-humanitarian-emergencies/,72.txt,SFOP0007699,"Tuesday, February 23, 2021","Monday, April 26, 2021 at 11",,"$1,000,000",Cooperative Agreement,FY 2021 Notice of Funding Opportunity for Global Innovation Programs to Address Gender-based Violence in Conflict-Affected Humanitarian Emergencies - United States Department of State,,responsible institutions,16
https://www.state.gov/fy-2021-request-for-concept-notes-for-humanitarian-research/,73.txt,,,,,,,FY 2021 Request for Concept Notes for Humanitarian Research - United States Department of State,,Development planning,11
https://www.state.gov/fy-2021-notice-of-funding-opportunity-for-innovation-in-child-protection-intersectoral-approaches-for-child-well-being/,74.txt,,,,,,,FY 2021 Notice of Funding Opportunity for Innovation in Child Protection: Intersectoral Approaches for Child Well-being - United States Department of State,,Accountable institutions,16
https://www.state.gov/fy-2021-notice-of-funding-opportunity-for-ngo-programs-benefiting-refugees-in-chad-cameroon-and-southeast-nigeria/,75.txt,SFOP0007632,"Friday, February 12, 2021","Wednesday, March 31, 2021 at 11","$800,000","$2,000,000",Cooperative Agreement,"FY 2021 Notice of Funding Opportunity for NGO Programs Benefiting Refugees in Chad, Cameroon, and Southeast Nigeria - United States Department of State","Cameroon, Chad, Niger, Nigeria",Accountable institutions,16
https://www.state.gov/fy-2021-notice-of-funding-opportunity-for-ngo-programs-benefiting-refugees-in-south-america/,76.txt,,,,,,,FY 2021 Notice of Funding Opportunity for NGO Programs Benefiting Refugees in South America - United States Department of State,,concept notes,17
https://www.state.gov/fy-2021-notice-of-funding-opportunity-for-ngo-programs-benefiting-refugees-in-rwanda-and-uganda/,77.txt,SFOP,"Monday, January 25, 2021","Friday, March 26, 2021 at 11","$1,000,000","$3,000,000",Cooperative Agreement,FY 2021 Notice of Funding Opportunity for NGO Programs Benefiting Refugees in Rwanda and Uganda - United States Department of State,"Rwanda, Uganda",responsible institutions,16
https://www.state.gov/fy-2021-notice-of-funding-opportunity-for-ngo-programs-benefiting-refuges-in-south-africa-and-zambia/,78.txt,SFOP0007573,"Monday, January 25, 2021","Friday, March 26, 2021 at 11","$250,000","$550,000",Cooperative Agreement,FY 2021 Notice of Funding Opportunity for NGO Programs Benefiting Refuges in South Africa and Zambia - United States Department of State,"South Africa, Zambia",responsible institutions,16
https://www.state.gov/funding-opportunities/funding-opportunity-announcements/fy-2021-notice-of-funding-opportunity-for-ngo-programs-benefiting-refugees-in-south-sudan/,79.txt,,,,,,,FY 2021 Notice of Funding Opportunity for NGO Programs Benefiting Refugees in South Sudan - United States Department of State,"South Sudan, Sudan",responsible institutions,16
https://www.state.gov/fy-2021-notice-of-funding-opportunity-for-ngo-programs-benefiting-refugees-in-ethiopia-and-kenya/,80.txt,SFOP0007561,"Friday, January 22, 2021","Thursday, March 4, 2021 at 11","$800,000","$2,000,000",Cooperative Agreement,FY 2021 Notice of Funding Opportunity for NGO Programs Benefiting Refugees in Ethiopia and Kenya - United States Department of State,"Ethiopia, Kenya",responsible institutions,16
https://www.state.gov/notice-of-funding-opportunity-nofo-drl-promoting-justice-sector-reform-in-moldova/,81.txt,SFOP0008590,"February 9, 2022",,"$493,825","$987,650",Open competition,"DRL’s goal is that institutions and authorities uphold the rule of law, protect and advance fundamental freedoms, and adopt an inclusive and rights-based approach to governance.  DRL seeks proposals that address the following program objective: Moldovan civil society contributes to the effectiveness of governing institutions, such that they are more resilient, accessible, transparent, participatory, and responsive.  Intended outcomes should include a coalition (formal or informal) of Moldovan organizations representing all populations, including Roma, LGBTQI+ persons, women, rural communities, Jewish communities, and persons with disabilities.  This coalition should articulate and advocate for the needs of these groups at all levels on topics such as access to justice, selective justice, and corruption as it impacts their local communities; build a community of trust and partnership that includes members of the coalition, representatives from the judicial sector, local government entities, and relevant rule of law organizations that can discuss justice sector reform priorities and challenges; and engage in justice sector monitoring and oversight by leveraging existing mechanisms, as appropriate.",Moldova,stress control,3
https://www.state.gov/drl-fy2021-research-and-evaluation-innovation-fund-security-force-engagement-in-africa/,82.txt,SFOP0008549,"February 4, 2022","59 PM EST on March 25, 2022","$75,000","$600,000",Open Competition,DRL FY2021 Research and Evaluation Innovation Fund: Security Force Engagement in Africa - United States Department of State,,stress control,3
https://www.state.gov/drl-applied-research-and-evaluation-fund-contact-theory-in-drg-programs/,83.txt,SFOP0008551,"February 4, 2022","59 PM EST on March 25, 2022","$150,000","$500,000",Open,DRL Applied Research and Evaluation Fund: Contact Theory in DRG Programs - United States Department of State,,responsible institutions,16
https://www.state.gov/drl-fy2021-research-and-evaluation-innovation-fund-global-trends-in-democratic-erosion-and-autocracy/,84.txt,SFOP0008552,"February 4, 2022","59 PM EST on March, 25, 2022","$650,000","$975,000",Open-Source Solicitation,DRL FY2021 Research and Evaluation Innovation Fund: Global Trends in Democratic Erosion and Autocracy - United States Department of State,,stress control,3
https://www.state.gov/drl-fy21-strengthening-disability-inclusive-governance/,85.txt,SFOP0008573,"February 3, 2022",,"$750,000","$750,000",Open Competition,DRL FY21 Strengthening Disability Inclusive Governance - United States Department of State,,responsible institutions,16
https://www.state.gov/notice-of-funding-opportunity-nofo-drl-anti-corruption-and-election-integrity-programs-in-the-balkans/,86.txt,SFOP0008574,"February 3, 2022",,"$641,975","$1,283,950",Open competition,"DRL’s goal is that ​governments implement tangible democratic reforms, including reforms to promote government transparency.  DRL requests proposals that will further the program goal ​of exposing corruption at local government levels in Montenegro and implementing measures to prevent future corruption.  Program objectives are for civil society and media to report on and/or counter corruption in local or regional executive and legislative bodies, especially in social spheres, such as environmental concerns, education, and health care; support the engagement of citizens and journalists to monitor those sectors and activities where corruption frequently occurs; report the results to authorities, media, and the wider public, including appropriate international bodies; and monitor government responses and/or accountability measures.  The program may include support for constructive engagement between civil society, the private sector, and government stakeholders to strengthen anti-corruption mechanisms, facilitate the implementation of best practices in countering corruption, and urge action in specific cases (if appropriate and feasible).  Program outcomes should include identification of corrupt practices; reporting of corrupt practices to relevant government entities; and increased public awareness of corruption.",,responsible institutions,16
https://www.state.gov/drl-promoting-government-accountability-in-thailand-through-citizen-journalism/,87.txt,SFOP0008569,"February 1, 2022",59 PM EST on 28 March 2022,"$740,740","$740,740",Open Competition,DRL Promoting Government Accountability in Thailand through Citizen Journalism - United States Department of State,Thailand,stress control,3
https://www.state.gov/drl-improving-the-security-of-technology-for-ukrainian-and-moldovan-anticorruption-efforts/,88.txt,SFOP0008556,"January 31, 2022","59 PM EST on Wednesday, April 6, 2022","$900,000","$900,000",Open Competition,DRL Improving the Security of Technology for Ukrainian and Moldovan Anticorruption Efforts - United States Department of State,Moldova,responsible institutions,16
https://www.state.gov/drl-supporting-efforts-to-promote-freedom-of-expression-in-morocco/,89.txt,SFOP0008560,"January 28, 2022","59 PM EST on 28, March, 2022","$500,000","$1,000,000",Open Competition,DRL: Supporting Efforts to Promote Freedom of Expression in Morocco - United States Department of State,Morocco,Quality Education,4
https://www.state.gov/drl-fy21-irf-promoting-freedom-of-religion-or-belief-in-burma/,90.txt,SFOP0008558,"January 26, 2022","59 PM EST on 28, March, 2022","$750,000","$1,000,000",Open Competition,DRL FY21 IRF Promoting Freedom of Religion or Belief in Burma - United States Department of State,,quality education,4
https://www.state.gov/drl-notice-of-funding-opportunity-nofo-youth-engaged-in-democratic-processes-for-community-driven-change/,91.txt,SFOP0008559,"January 25, 2022","59 PM EST on March 28, 2022.","$500,000","$500,000",Open Competition,DRL Notice of Funding Opportunity (NOFO): Youth Engaged in Democratic Processes for Community-Driven Change - United States Department of State,,Accountable institutions,16
https://www.state.gov/drl-supporting-efforts-to-address-accountability-justice-and-the-rule-of-law-in-libya/,92.txt,SFOP0008545,"January 21, 2022","59 PM EST on 21, March 2022","$750,000","$1,500,000",Open Competition,"DRL: Supporting Efforts to Address Accountability, Justice, and the Rule of Law in Libya - United States Department of State",Libya,Accountable institutions,16
https://www.state.gov/drl-notice-of-funding-opportunity-nofo-protecting-the-rights-of-environmental-defenders-in-africa/,93.txt,SFOP0008531,"January 14, 2022","59 PM EST on Friday, March 18, 2022","$1,000,000","$1,000,000",Open Competition,DRL Notice of Funding Opportunity (NOFO): Protecting the Rights of Environmental Defenders in Africa - United States Department of State,,International aid,17
https://www.state.gov/drl-seeding-deep-expertise-in-the-networks-of-digital-protection-providers-who-serve-threatened-groups/,94.txt,SFOP0008520,"January 11, 2022","59 PM EST on Thursday, March 17, 2022","$1,000,000","$1,500,000",Open,DRL Seeding Deep Expertise in the Networks of Digital Protection Providers Who Serve Threatened Groups - United States Department of State,,Development planning,11
https://www.state.gov/drl-expanding-the-reach-and-resilience-of-wireless-internet-independent-peer-to-peer-communications/,95.txt,SFOP0008512,"January 7, 2022","59 PM EST on Friday, March 11, 2022","$1,000,000","$1,000,000",Open Competition,DRL Expanding the Reach and Resilience of Wireless Internet-Independent Peer-to-Peer Communications - United States Department of State,,transparency,16
https://www.state.gov/drl-supporting-diverse-anti-censorship-solutions/,96.txt,SFOP0008516,"January 7, 2022","59 PM EST on Tuesday, March 15, 2022","$1,000,000","$1,000,000",Open Competition,DRL Supporting Diverse Anti-Censorship Solutions - United States Department of State,,Representative decision-making,16
https://www.state.gov/drl-non-traditional-advocates-for-transparency-response-fund/,97.txt,SFOP0008499,"December 29, 2021",,"$987,650","$987,650",Open Solicitation,DRL Non-Traditional Advocates for Transparency Response Fund - United States Department of State,,World Trade Organization,17
https://www.state.gov/drl-promoting-and-advancing-international-labor-rights-in-pakistan/,98.txt,SFOP0008489,"December 28, 2021","59 PM EST, February 18, 2022","$1,500,000","$1,750,000",Open Competition,DRL Promoting and Advancing International Labor Rights in Pakistan - United States Department of State,Pakistan,Qualified teachers,4
https://www.state.gov/drl-notice-of-funding-opportunity-nofo-promoting-and-protecting-human-rights-in-malaysia/,99.txt,SFOP0008495,"December 21, 2021","59 PM EST on Friday, February 25, 2022","$987,654","$987,654",Open Competition,DRL Notice of Funding Opportunity (NOFO): Promoting and Protecting Human Rights in Malaysia - United States Department of State,Malaysia,responsible institutions,16
https://www.state.gov/drl-strengthening-fundamental-freedoms-and-the-rule-of-law-in-bahrain/,100.txt,SFOP0008416,"December 21, 2021","59 PM EST on Friday, February 18, 2022","$493,827","$987,654",Open Competition,DRL Strengthening Fundamental Freedoms and the Rule of Law in Bahrain - United States Department of State,Bahrain,Accountable institutions,16
https://www.state.gov/request-for-statements-of-interest-drl-fy22-internet-freedom-annual-program-statement/,101.txt,SFOP0008485,"December 17, 2021",,,,,"DRL encourages applicants to foster collaborative partnerships, especially with local organization(s) in target countries and/or regions, where applicable.  Where appropriate, applicants are invited to form consortia for submitting a combined proposal, with one lead (“prime”) applicant.",,Accountable institutions,16
https://www.state.gov/request-for-statements-of-interest-fy21-drl-iraq-programs/,102.txt,SFOP0008444,"December 17, 2021",,,,,"DRL is conscious of the ever-changing security situation in Iraq.  SOIs must realistically address the challenges and limitations the applicant would likely face implementing this program, both within the current context in Iraq and in anticipation of a further evolving landscape.",Iraq,Accountable institutions,16
https://www.state.gov/drl-fy21-irf-supporting-religious-equality-and-protection-in-bangladesh/,103.txt,SFOP0008468,"December 17, 2021","59 PM EST on 14, February, 2022",,"$740,740",Open Competition,DRL FY21 IRF: Supporting Religious Equality and Protection in Bangladesh  - United States Department of State,Bangladesh,responsible institutions,16
https://www.state.gov/drl-fy21-irf-strengthening-religious-freedom-in-sudan-through-the-rule-of-law/,104.txt,SFOP0008466,"December 17, 2021","59 PM EST on 14, February, 2022",,"$740,740",Open Competition,DRL FY21 IRF: Strengthening Religious Freedom in Sudan through the Rule of Law - United States Department of State,Sudan,Basic education,4
https://www.state.gov/drl-fy21-irf-promoting-religious-freedom-through-good-governance-in-vietnam/,105.txt,SFOP0008455,"December 17, 2021","59 PM EST on 16, February, 2022",,"$740,740",Open Competition,DRL FY21 IRF: Promoting Religious Freedom through Good Governance in Vietnam - United States Department of State,Vietnam,responsible institutions,16
https://www.state.gov/drl-fy21-irf-promoting-international-standards-for-religious-freedom-in-kazakhstan/,106.txt,SFOP0008453,"December 13, 2021","59 PM EST on 8, February, 2022",,"$740,740",Open Competition,DRL FY21 IRF: Promoting International Standards for Religious Freedom in Kazakhstan - United States Department of State,Kazakhstan,Non-discrimination,1
https://www.state.gov/drl-fy21-irf-promoting-societal-respect-and-interfaith-understanding-in-indonesia/,107.txt,SFOP0008454,"December 13, 2021","59 PM EST on 8, February, 2022",,"$740,740",Open Competition,DRL FY21 IRF:  Promoting Societal Respect and Interfaith Understanding in Indonesia - United States Department of State,Indonesia,Governance and gender,5
https://www.state.gov/statements-of-interest-requests-for-proposals-and-notices-of-funding-opportunity/drl-fy2021-supporting-local-organizations-working-for-racial-justice-in-south-america/,108.txt,SFOP0008457,"December 7, 2021","February 7, 2021","$1,000,000","$1,000,000",Open Solicitation,DRL FY2021: Supporting Local Organizations Working for Racial Justice in South America - United States Department of State,,Human rights,5
https://www.state.gov/statements-of-interest-requests-for-proposals-and-notices-of-funding-opportunity/drl-notice-of-funding-opportunity-nofo-fy21-global-atrocity-prevention/,109.txt,SFOP0008463,"December 3, 2021","59 PM EST on Friday, February 4, 2022","$850,000","$1,728,394",Open Competition,DRL Notice of Funding Opportunity (NOFO): FY21 Global Atrocity Prevention - United States Department of State,,human rights,8
https://www.state.gov/statements-of-interest-requests-for-proposals-and-notices-of-funding-opportunity/drl-notice-of-funding-opportunity-nofo-fy21-global-transitional-justice/,110.txt,SFOP0008465,"December 3, 2021","59 PM EST on Friday, February 4, 2022","$1,234,567","$4,938,270",Open Competition,DRL Notice of Funding Opportunity (NOFO): FY21 Global Transitional Justice - United States Department of State,,human rights,16
https://www.state.gov/statements-of-interest-requests-for-proposals-and-notices-of-funding-opportunity/drl-fy2021-global-lgbtqi-inclusive-democracy-and-empowerment-glide-fund/,111.txt,SFOP0008448,"December 1, 2021","59 PM EST on Friday, February 4, 2022","$2,500,000","$2,500,000",Open Competition,DRL FY2021: Global LGBTQI+ Inclusive Democracy and Empowerment (GLIDE) Fund - United States Department of State,,human rights,5
https://www.state.gov/statements-of-interest-requests-for-proposals-and-notices-of-funding-opportunity/drl-request-for-statements-of-interest-rsoi-fy21-china-programs/,112.txt,SFOP0008442,"November 15, 2021",,,,,DRL Request for Statements of Interest (RSOI): FY21 China Programs - United States Department of State,China,World Trade Organization,17
https://www.state.gov/statements-of-interest-requests-for-proposals-and-notices-of-funding-opportunity/drl-fy21-irf-nea-combatting-antisemitism-online/,113.txt,SFOP0008377,"October 6, 2021","59 PM EST on 22, November, 2021","$1,000,000","$1,000,000",Open Competition,DRL FY21 IRF NEA Combatting Antisemitism Online - United States Department of State,,education,4
https://www.state.gov/statements-of-interest-requests-for-proposals-and-notices-of-funding-opportunity/drl-supporting-peaceful-elections-in-ethiopia/,114.txt,SFOP0007583,"May 12, 2021","59 PM EST on 1, July, 2021","$1,000,000","$1,000,000",Open Competition,DRL Supporting Peaceful Elections in Ethiopia - United States Department of State,Ethiopia,education,10
https://www.state.gov/statements-of-interest-requests-for-proposals-and-notices-of-funding-opportunity/drl-supporting-peaceful-elections-in-kenya/,115.txt,SFOP0008085,"May 11, 2021","59 PM EST on 24, June, 2021","$1,000,000","$1,000,000",Open Competition,DRL Supporting Peaceful Elections in Kenya - United States Department of State,Kenya,Qualified teachers,4
https://www.state.gov/statements-of-interest-requests-for-proposals-and-notices-of-funding-opportunity/drl-fy20-supporting-democracy-human-rights-and-rule-of-law-in-syria/,116.txt,SFOP0007916,"April 27, 2021","59 pm (EDT) on June 22, 2021","$750,000","$2,000,000",Open,"DRL FY20 Supporting Democracy, Human Rights, and Rule of Law in Syria - United States Department of State",Syria,Representative decision-making,16
https://www.state.gov/statements-of-interest-requests-for-proposals-and-notices-of-funding-opportunity/drl-fy20-irf-promoting-and-defending-religious-freedom-inclusive-of-atheist-humanist-non-practicing-and-non-affiliated-individuals/,117.txt,SFOP0007977,"April 21, 2021","59 PM EST on Monday, June 7, 2021","$500,000","$500,000",Open Competition,"DRL FY20 IRF Promoting and Defending Religious Freedom Inclusive of Atheist, Humanist, Non-Practicing and Non-Affiliated Individuals - United States Department of State",,Representative decision-making,16
https://www.state.gov/statements-of-interest-requests-for-proposals-and-notices-of-funding-opportunity/drl-syrian-womens-participation-in-transitional-justice-processes/,118.txt,SFOP0007883,"April 19, 2021","59 PM EST on Monday, June 14, 2021","$500,000","$987,654",Open Competition,DRL Syrian Women’s Participation in Transitional Justice Processes - United States Department of State,Syria,responsible institutions,16
https://www.state.gov/statements-of-interest-requests-for-proposals-and-notices-of-funding-opportunity/drl-strengthening-democracy-and-human-rights-in-thailand/,119.txt,SFOP0007971,"April 12, 2021",,"$1,000,000","$1,000,000",Open Competition,DRL Strengthening Democracy and Human Rights in Thailand - United States Department of State,Thailand,Representative decision-making,16
https://www.state.gov/statements-of-interest-requests-for-proposals-and-notices-of-funding-opportunity/support-for-the-rule-of-law-independent-media-and-civil-society-in-lebanon/,120.txt,SFOP0007885,"April 7, 2021","59 PM EDT on 7, June, 2021","$750,000","$1,500,000",Open,"DRL is conscious of the ever-changing security situation in the broader NEA region. With this in mind, applicants are required to submit a detailed contingency plan and risk assessment in order to demonstrate situational awareness and preparedness.  Risk assessment and contingency plan documents must address safety and contingency for in-person events and recruitment for said events; processes for receiving and disbursing funds; as well as means to secure online programs or communications.",Lebanon,Development planning,11
https://www.state.gov/statements-of-interest-requests-for-proposals-and-notices-of-funding-opportunity/strengthening-anti-corruption-efforts-of-asean-and-asean-member-states/,121.txt,SFOP0007854,"April 6, 2021",,"$1,000,000","$1,500,000",Open Competition,DRL – Strengthening Anti-Corruption Efforts of ASEAN and ASEAN Member States,,Accountable institutions,16
https://www.state.gov/statements-of-interest-requests-for-proposals-and-notices-of-funding-opportunity/integrating-democracy-human-rights-and-good-governance-in-efforts-to-address-climate-change-and-protect-the-environment-in-the-east-asia-and-pacific-region/,122.txt,SFOP0007892,"April 6, 2021",,"$750,000","$1,500,000",Open Competition,"DRL – Integrating Democracy, Human Rights, and Good Governance in Efforts to Address Climate Change and Protect the Environment in the East Asia and Pacific Region",,responsible institutions,16
https://www.state.gov/statements-of-interest-requests-for-proposals-and-notices-of-funding-opportunity/drl-support-for-freedom-of-association-in-kazakhstan/,123.txt,SFOP0007857,"March 26, 2021","59 PM EST on Friday, May 28, 2021","$750,000","$750,000",Open Competition,DRL Support for Freedom of Association in Kazakhstan - United States Department of State,Kazakhstan,responsible institutions,16
https://www.state.gov/statements-of-interest-requests-for-proposals-and-notices-of-funding-opportunity/drl-strengthening-womens-participation-in-the-workforce/,124.txt,SFOP0007769,"March 24, 2021","59 PM EST on Tuesday, May 25, 2021","$1,000,000","$1,900,000",Open Competition,DRL Strengthening Women’s Participation in the Workforce - United States Department of State,,responsible institutions,16
https://www.state.gov/statements-of-interest-requests-for-proposals-and-notices-of-funding-opportunity/drl-fy20-irf-promoting-religious-pluralism-and-rule-of-law-in-malaysia/,125.txt,SFOP0007711,"March 19, 2021","59 PM EST on 3, May, 2021","$493,827","$493,827",Open Competition,DRL FY20 IRF Promoting Religious Pluralism and Rule of Law in Malaysia - United States Department of State,Malaysia,Education in developing countries,4
https://www.state.gov/statements-of-interest-requests-for-proposals-and-notices-of-funding-opportunity/drl-fy20-latin-america-and-caribbean-small-grants-program/,126.txt,SFOP0007579,"March 9, 2021","59 PM EST on 7, May 2021","$1,000,000","$1,000,000",Open Competition,DRL FY20 Latin America and Caribbean Small Grants Program - United States Department of State,,fair competition,16
https://www.state.gov/statements-of-interest-requests-for-proposals-and-notices-of-funding-opportunity/drl-fy20-irf-promoting-religious-freedom-in-afghanistan/,127.txt,SFOP0007705,"March 8, 2021","59 PM EST on 22, April, 2021","$815,000","$815,000",Open Competition,DRL FY20 IRF Promoting Religious Freedom in Afghanistan - United States Department of State,Afghanistan,Accountable institutions,16
https://www.state.gov/statements-of-interest-requests-for-proposals-and-notices-of-funding-opportunity/drl-programs-for-protection-of-migrant-domestic-workers-in-lebanon/,128.txt,SFOP0007615,,"59 PM EST on Monday, May 10, 2021","$900,000","$900,000",Open Competition,DRL Programs for Protection of Migrant Domestic Workers in Lebanon - United States Department of State,Lebanon,Security threats,16
https://www.state.gov/statements-of-interest-requests-for-proposals-and-notices-of-funding-opportunity/supporting-efforts-to-address-mass-graves-in-libya/,129.txt,SFOP0007645,"March 5, 2021","59 PM EST on 4, May, 2021","$1,000,000","$2,000,000",Open Competition,"DRL’s goal is to promote justice and accountability for gross human rights violations in Libya. DRL’s objectives are to advocate for the rights of missing and disappeared persons and support access to justice and services for their families; to strengthen civil society engagement in efforts to promote truth, justice and accountability for missing persons; and to strengthen the ability of Libyan authorities to address the mass graves issue in close coordination with civil society, family associations, and in accordance with international standards.",Libya,responsible institutions,16
https://www.state.gov/statements-of-interest-requests-for-proposals-and-notices-of-funding-opportunity/drl-strengthening-workers-rights-in-armenia/,130.txt,SFOP0007619,"March 3, 2021","59 PM EST on Tuesday, May 4, 2021","$900,000","$900,000",Open Solicitation,DRL Strengthening Worker’s Rights in Armenia - United States Department of State,Armenia,efficient institutions,16
https://www.state.gov/statements-of-interest-requests-for-proposals-and-notices-of-funding-opportunity/drl-fy20-irf-expanding-religious-tolerance-in-mozambique/,131.txt,SFOP0007718,"March 1, 2021","59 PM EST on April 30, 2021","$493,827","$493,827",Open Competition,DRL FY20 IRF: Expanding Religious Tolerance in Mozambique - United States Department of State,Mozambique,responsible institutions,16
https://www.state.gov/statements-of-interest-requests-for-proposals-and-notices-of-funding-opportunity/drl-strengthening-civil-society-in-ukraine/,132.txt,SFOP0007613,"February 22, 2021",,"$750,0001","$750,0001",,DRL Strengthening Civil Society in Ukraine - United States Department of State,Ukraine,Human rights,5
https://www.state.gov/statements-of-interest-requests-for-proposals-and-notices-of-funding-opportunity/drl-support-to-workers-freedom-of-association-in-vietnam/,133.txt,SFOP0007626,"February 18, 2021","59 PM EST on Tuesday, April 20, 2021","$850,000","$850,000",Open Competition,DRL Support to Workers’ Freedom of Association in Vietnam - United States Department of State,Vietnam,human rights,8
https://www.state.gov/statements-of-interest-requests-for-proposals-and-notices-of-funding-opportunity/global-participation-and-protection-of-women-civil-society-activists-journalists-and-peacebuilders/,134.txt,SFOP0007589,"February 17, 2021","April 19, 2021 at 11","$500,000","$1,000,000",Open Competition,"DRL’s goal is the enhanced  participation and protection of women civil society activists, journalists, and peacebuilders in countries where women are playing a central role in conflict prevention and other transitional processes.  DRL’s objectives are to advance women’s participation and leadership in public life, particularly as it relates to conflict prevention, transitional processes, and COVID-19 response efforts; strengthen protection and support mechanisms for women civil society activists, journalists, and peacebuilders; and improve public awareness of the unique roles, risks, and challenges that these women face in carrying out their work.",,human rights,16
https://www.state.gov/statements-of-interest-requests-for-proposals-and-notices-of-funding-opportunity/drl-supporting-transparency-and-accountability-in-sudan/,135.txt,SFOP0007585,"February 16, 2021","59 PM EST on 12, April, 2021","$1,350,000","$1,350,000",Open Competition,DRL: Supporting Transparency and Accountability in Sudan - United States Department of State,Sudan,human rights,5
https://www.state.gov/statements-of-interest-requests-for-proposals-and-notices-of-funding-opportunity/drl-reducing-corruption-in-angola/,136.txt,SFOP0007581,"February 16, 2021","59 PM EST on 14, April, 2021","$1,300,000","$1,300,000",Open Competition,DRL: Reducing Corruption in Angola - United States Department of State,Angola,responsible institutions,16
https://www.state.gov/statements-of-interest-requests-for-proposals-and-notices-of-funding-opportunity/drl-promoting-investigative-journalism-and-anti-corruption-efforts-in-pacific-island-countries/,137.txt,SFOP0007603,"February 16, 2021","59 PM EST on 14th, April, 2021","$1,000,000","$1,975,308",Open Competition,DRL – Promoting Investigative Journalism and Anti-Corruption Efforts in Pacific Island Countries - United States Department of State,,Accountable institutions,16
https://www.state.gov/statements-of-interest-requests-for-proposals-and-notices-of-funding-opportunity/freedom-of-expression-for-women-environmental-defenders-in-the-indo-pacific-region/,138.txt,SFOP0007587,"February 11, 2021","April 9, 2021 at 11","$750,000","$1,500,000",Open Competition,"DRL anticipates awarding either a grant or cooperative agreement depending on the needs and risk factors of the program.  The final determination on award mechanism will be made by the Grants Officer.  The distinction between grants and cooperative agreements revolves around the existence of “substantial involvement.”  Cooperative agreements require greater Federal government participation in the project.  If a cooperative agreement is awarded, DRL will undertake reasonable and programmatically necessary substantial involvement.  Examples of substantial involvement can include, but are not limited to:",,Accountable institutions,16
https://www.state.gov/statements-of-interest-requests-for-proposals-and-notices-of-funding-opportunity/drl-balkans-media-and-civil-society/,139.txt,SFOP0007595,"February 11, 2021",,"$1,000,000","$2,550,000",Open Competition,DRL Balkans Media and Civil Society - United States Department of State,,responsible institutions,16
https://www.state.gov/statements-of-interest-requests-for-proposals-and-notices-of-funding-opportunity/drl-youth-and-media-in-albania/,140.txt,SFOP0007597,"February 9, 2021",,"$240,000","$250,000",Open Competition,DRL Youth and Media in Albania - United States Department of State,Albania,women,5
https://www.state.gov/statements-of-interest-requests-for-proposals-and-notices-of-funding-opportunity/drl-justice-sector-reform-in-armenia/,141.txt,SFOP0007601,"February 9, 2021",,"$1,000,000","$1,000,000",Open Competition,DRL Justice Sector Reform in Armenia - United States Department of State,Armenia,Development planning,11
https://www.state.gov/statements-of-interest-requests-for-proposals-and-notices-of-funding-opportunity/drl-supporting-independent-media-in-moldova/,142.txt,SFOP0007577,"February 3, 2021","59 PM EST on Monday, April 5, 2021","$1,000,000","$1,000,000",Open Competition,DRL Supporting Independent Media in Moldova - United States Department of State,Moldova,responsible institutions,16
https://www.state.gov/statements-of-interest-requests-for-proposals-and-notices-of-funding-opportunity/drl-fy20-irf-advocacy-to-preserve-cultural-heritage-in-africa/,143.txt,SFOP0007534,"January 11, 2021","59 PM EST on 8, March, 2021","$740,740","$740,740",Open Solicitation,DRL FY20 IRF: Advocacy to Preserve Cultural Heritage in Africa - United States Department of State,,Development planning,11
https://www.state.gov/statements-of-interest-requests-for-proposals-and-notices-of-funding-opportunity/drl-promoting-and-protecting-media-freedom-in-afghanistan/,144.txt,SFOP0007462,"December 8, 2020","59 PM EST on Monday, January 25, 2021","$700,000","$750,000",Open Competition,DRL Promoting and Protecting Media Freedom in Afghanistan - United States Department of State,Afghanistan,effective institutions,16
https://www.state.gov/statements-of-interest-requests-for-proposals-and-notices-of-funding-opportunity/drl-fy-2020-global-transitional-justice-and-forensic-anthropology-programs/,145.txt,SFOP0007464,"December 7, 2020",,,,,DRL FY 2020 Global Transitional Justice and Forensic Anthropology Programs - United States Department of State,,Sustainable Cities and Communities,11
https://www.state.gov/statements-of-interest-requests-for-proposals-and-notices-of-funding-opportunity/drl-fy20-burma-democracy-and-human-rights-programs/,146.txt,SFOP0007458,"December 7, 2020",,,,,DRL FY20 Burma Democracy and Human Rights Programs - United States Department of State,,responsible institutions,16
https://www.state.gov/statements-of-interest-requests-for-proposals-and-notices-of-funding-opportunity/drl-fy20-burma-investigating-and-documenting-sexual-and-gender-based-violence-in-burma/,147.txt,SFOP0007460,"December 7, 2020",,,,,DRL FY20 Burma - Investigating and Documenting Sexual and Gender-Based Violence in Burma - United States Department of State,,Accountable institutions,16
https://www.state.gov/statements-of-interest-requests-for-proposals-and-notices-of-funding-opportunity/fy20-drl-security-and-human-rights-request-for-statements-of-interest-burkina-faso-cameroon-mali-nigeria/,148.txt,SFOP0007392,"December 2, 2020",,,,,"FY20 DRL Security and Human Rights Request for Statements of Interest: Burkina Faso, Cameroon, Mali, Nigeria - United States Department of State","Burkina Faso, Cameroon, Mali, Niger, Nigeria",Accountable institutions,16
